{
  "model_name": "clip_mlp_vit_b32_laion",
  "split": "ood:sdturbo",
  "n": 2000,
  "positive_label": "FAKE(AI-generated)=1",
  "threshold": {
    "value": 0.5026337504386902,
    "policy": "best_val_youden"
  },
  "metrics": {
    "accuracy": 0.8155,
    "auroc": 0.948454,
    "f1": 0.7789095266626722,
    "precision": 0.9715994020926756,
    "recall": 0.65
  },
  "confusion": {
    "tn": 981,
    "fp": 19,
    "fn": 350,
    "tp": 650
  },
  "curves": {
    "roc": {
      "fpr": [
        0.0,
        0.0,
        0.0,
        0.001,
        0.002,
        0.002,
        0.003,
        0.004,
        0.005,
        0.007,
        0.008,
        0.009,
        0.01,
        0.011,
        0.012,
        0.012,
        0.013,
        0.014,
        0.015,
        0.016,
        0.017,
        0.018,
        0.019,
        0.021,
        0.022,
        0.022,
        0.024,
        0.026,
        0.027,
        0.028,
        0.029,
        0.03,
        0.031,
        0.032,
        0.032,
        0.033,
        0.034,
        0.035,
        0.036,
        0.038,
        0.04,
        0.042,
        0.043,
        0.044,
        0.044,
        0.046,
        0.047,
        0.049,
        0.051,
        0.053,
        0.054,
        0.055,
        0.056,
        0.057,
        0.057,
        0.058,
        0.059,
        0.062,
        0.065,
        0.068,
        0.069,
        0.07,
        0.071,
        0.072,
        0.072,
        0.074,
        0.075,
        0.077,
        0.079,
        0.08,
        0.082,
        0.084,
        0.087,
        0.087,
        0.088,
        0.089,
        0.09,
        0.091,
        0.092,
        0.094,
        0.095,
        0.096,
        0.098,
        0.098,
        0.102,
        0.105,
        0.106,
        0.107,
        0.108,
        0.109,
        0.112,
        0.114,
        0.119,
        0.119,
        0.12,
        0.122,
        0.124,
        0.125,
        0.127,
        0.131,
        0.132,
        0.133,
        0.133,
        0.135,
        0.141,
        0.145,
        0.146,
        0.152,
        0.153,
        0.154,
        0.156,
        0.157,
        0.157,
        0.158,
        0.159,
        0.164,
        0.167,
        0.168,
        0.17,
        0.172,
        0.173,
        0.178,
        0.178,
        0.18,
        0.183,
        0.188,
        0.189,
        0.192,
        0.194,
        0.196,
        0.198,
        0.202,
        0.202,
        0.209,
        0.21,
        0.218,
        0.221,
        0.223,
        0.225,
        0.226,
        0.229,
        0.229,
        0.232,
        0.237,
        0.238,
        0.242,
        0.243,
        0.244,
        0.247,
        0.249,
        0.254,
        0.254,
        0.256,
        0.263,
        0.27,
        0.279,
        0.28,
        0.286,
        0.288,
        0.295,
        0.31,
        0.31,
        0.318,
        0.322,
        0.327,
        0.329,
        0.345,
        0.358,
        0.371,
        0.378,
        0.378,
        0.386,
        0.387,
        0.389,
        0.397,
        0.402,
        0.406,
        0.427,
        0.441,
        0.458,
        0.458,
        0.462,
        0.475,
        0.481,
        0.485,
        0.486,
        0.487,
        0.491,
        0.494,
        0.547,
        0.547,
        0.583,
        0.606,
        0.61,
        0.619,
        0.641,
        0.748,
        0.78,
        0.986,
        1.0
      ],
      "tpr": [
        0.0,
        0.001,
        0.019,
        0.107,
        0.249,
        0.422,
        0.433,
        0.438,
        0.495,
        0.529,
        0.529,
        0.532,
        0.539,
        0.564,
        0.583,
        0.584,
        0.585,
        0.595,
        0.626,
        0.628,
        0.628,
        0.638,
        0.648,
        0.654,
        0.66,
        0.663,
        0.665,
        0.668,
        0.677,
        0.688,
        0.688,
        0.689,
        0.69,
        0.707,
        0.712,
        0.713,
        0.714,
        0.717,
        0.719,
        0.719,
        0.725,
        0.73,
        0.731,
        0.744,
        0.747,
        0.748,
        0.772,
        0.773,
        0.775,
        0.775,
        0.777,
        0.778,
        0.779,
        0.78,
        0.786,
        0.789,
        0.79,
        0.791,
        0.793,
        0.793,
        0.797,
        0.8,
        0.807,
        0.808,
        0.811,
        0.813,
        0.815,
        0.818,
        0.818,
        0.82,
        0.821,
        0.826,
        0.827,
        0.83,
        0.831,
        0.832,
        0.834,
        0.837,
        0.837,
        0.839,
        0.84,
        0.841,
        0.843,
        0.846,
        0.848,
        0.849,
        0.85,
        0.851,
        0.851,
        0.852,
        0.855,
        0.857,
        0.858,
        0.859,
        0.861,
        0.864,
        0.866,
        0.868,
        0.868,
        0.87,
        0.872,
        0.874,
        0.875,
        0.877,
        0.881,
        0.884,
        0.885,
        0.885,
        0.886,
        0.887,
        0.889,
        0.891,
        0.892,
        0.893,
        0.895,
        0.896,
        0.897,
        0.897,
        0.898,
        0.9,
        0.901,
        0.904,
        0.905,
        0.907,
        0.908,
        0.909,
        0.911,
        0.911,
        0.912,
        0.92,
        0.922,
        0.924,
        0.925,
        0.927,
        0.929,
        0.93,
        0.93,
        0.931,
        0.933,
        0.934,
        0.936,
        0.938,
        0.94,
        0.941,
        0.942,
        0.944,
        0.944,
        0.945,
        0.947,
        0.948,
        0.949,
        0.95,
        0.953,
        0.954,
        0.955,
        0.956,
        0.956,
        0.957,
        0.958,
        0.959,
        0.96,
        0.961,
        0.962,
        0.963,
        0.966,
        0.967,
        0.967,
        0.968,
        0.97,
        0.971,
        0.972,
        0.973,
        0.974,
        0.975,
        0.976,
        0.976,
        0.977,
        0.978,
        0.979,
        0.98,
        0.981,
        0.982,
        0.983,
        0.984,
        0.987,
        0.987,
        0.988,
        0.989,
        0.99,
        0.991,
        0.992,
        0.993,
        0.994,
        0.995,
        0.996,
        0.996,
        0.997,
        0.998,
        0.999,
        1.0
      ]
    },