{
  "model_name": "vit_small_alex",
  "split": "ood:sdturbo",
  "n": 2000,
  "positive_label": "FAKE(AI-generated)=1",
  "threshold": {
    "value": 0.511195182800293,
    "policy": "best_val_youden"
  },
  "metrics": {
    "accuracy": 0.825,
    "auroc": 0.973201,
    "f1": 0.7891566265060241,
    "precision": 0.9924242424242424,
    "recall": 0.655
  },
  "confusion": {
    "tn": 995,
    "fp": 5,
    "fn": 345,
    "tp": 655
  },
  "curves": {
    "roc": {
      "fpr": [
        0.0,
        0.0,
        0.0,
        0.0,
        0.0,
        0.0,
        0.0,
        0.0,
        0.0,
        0.0,
        0.0,
        0.0,
        0.0,
        0.0,
        0.0,
        0.0,
        0.0,
        0.0,
        0.0,
        0.0,
        0.0,
        0.0,
        0.0,
        0.001,
        0.002,
        0.003,
        0.003,
        0.004,
        0.005,
        0.005,
        0.006,
        0.007,
        0.008,
        0.008,
        0.009,
        0.01,
        0.011,
        0.011,
        0.012,
        0.013,
        0.014,
        0.014,
        0.015,
        0.016,
        0.017,
        0.017,
        0.018,
        0.019,
        0.02,
        0.02,
        0.021,
        0.022,
        0.023,
        0.023,
        0.024,
        0.025,
        0.027,
        0.027,
        0.028,
        0.029,
        0.029,
        0.03,
        0.031,
        0.032,
        0.032,
        0.033,
        0.036,
        0.038,
        0.038,
        0.039,
        0.04,
        0.041,
        0.041,
        0.042,
        0.044,
        0.045,
        0.045,
        0.049,
        0.05,
        0.051,
        0.051,
        0.052,
        0.053,
        0.054,
        0.054,
        0.055,
        0.056,
        0.056,
        0.057,
        0.061,
        0.062,
        0.062,
        0.064,
        0.065,
        0.067,
        0.067,
        0.069,
        0.07,
        0.071,
        0.071,
        0.072,
        0.073,
        0.074,
        0.074,
        0.076,
        0.077,
        0.078,
        0.078,
        0.08,
        0.083,
        0.088,
        0.088,
        0.09,
        0.093,
        0.093,
        0.095,
        0.097,
        0.098,
        0.098,
        0.101,
        0.102,
        0.104,
        0.104,
        0.108,
        0.109,
        0.112,
        0.112,
        0.113,
        0.118,
        0.12,
        0.12,
        0.125,
        0.127,
        0.128,
        0.128,
        0.13,
        0.132,
        0.14,
        0.14,
        0.141,
        0.148,
        0.149,
        0.149,
        0.152,
        0.155,
        0.155,
        0.158,
        0.166,
        0.174,
        0.174,
        0.178,
        0.18,
        0.181,
        0.181,
        0.19,
        0.193,
        0.196,
        0.196,
        0.201,
        0.206,
        0.21,
        0.21,
        0.22,
        0.228,
        0.234,
        0.234,
        0.235,
        0.236,
        0.244,
        0.244,
        0.246,
        0.249,
        0.249,
        0.256,
        0.265,
        0.267,
        0.267,
        0.269,
        0.284,
        0.29,
        0.29,
        0.293,
        0.299,
        0.313,
        0.313,
        0.335,
        0.369,
        0.373,
        0.373,
        0.402,
        0.407,
        0.426,
        0.426,
        0.557,
        0.558,
        0.562,
        0.562,
        0.597,
        0.984,
        1.0
      ],
      "tpr": [
        0.0,
        0.004,
        0.007,
        0.018,
        0.02,
        0.027,
        0.028,
        0.033,
        0.035,
        0.039,
        0.045,
        0.051,
        0.053,
        0.062,
        0.081,
        0.095,
        0.097,
        0.101,
        0.113,
        0.138,
        0.14,
        0.323,
        0.408,
        0.511,
        0.511,
        0.53,
        0.618,
        0.635,
        0.635,
        0.671,
        0.684,
        0.684,
        0.686,
        0.696,
        0.698,
        0.698,
        0.712,
        0.714,
        0.723,
        0.723,
        0.735,
        0.74,
        0.741,
        0.741,
        0.75,
        0.755,
        0.759,
        0.759,
        0.763,
        0.769,
        0.774,
        0.774,
        0.778,
        0.782,
        0.79,
        0.79,
        0.793,
        0.805,
        0.805,
        0.807,
        0.811,
        0.812,
        0.812,
        0.813,
        0.819,
        0.821,
        0.821,
        0.822,
        0.824,
        0.825,
        0.825,
        0.828,
        0.829,
        0.837,
        0.837,
        0.839,
        0.846,
        0.849,
        0.849,
        0.85,
        0.854,
        0.855,
        0.855,
        0.856,
        0.864,
        0.866,
        0.866,
        0.869,
        0.87,
        0.87,
        0.872,
        0.873,
        0.875,
        0.875,
        0.879,
        0.884,
        0.887,
        0.887,
        0.89,
        0.892,
        0.895,
        0.895,
        0.896,
        0.897,
        0.9,
        0.9,
        0.902,
        0.903,
        0.908,
        0.908,
        0.909,
        0.911,
        0.915,
        0.915,
        0.918,
        0.92,
        0.92,
        0.924,
        0.926,
        0.927,
        0.927,
        0.93,
        0.931,
        0.932,
        0.932,
        0.934,
        0.935,
        0.937,
        0.937,
        0.938,
        0.939,
        0.94,
        0.94,
        0.942,
        0.943,
        0.944,
        0.944,
        0.946,
        0.948,
        0.949,
        0.949,
        0.95,
        0.952,
        0.952,
        0.956,
        0.957,
        0.958,
        0.958,
        0.959,
        0.96,
        0.961,
        0.961,
        0.962,
        0.963,
        0.964,
        0.964,
        0.965,
        0.966,
        0.967,
        0.967,
        0.969,
        0.97,
        0.971,
        0.971,
        0.972,
        0.973,
        0.974,
        0.974,
        0.975,
        0.976,
        0.978,
        0.978,
        0.979,
        0.98,
        0.98,
        0.981,
        0.982,
        0.984,
        0.984,
        0.985,
        0.986,
        0.987,
        0.987,
        0.988,
        0.989,
        0.99,
        0.99,
        0.991,
        0.992,
        0.993,
        0.993,
        0.994,
        0.995,
        0.996,
        0.996,
        0.997,
        0.998,
        0.999,
        0.999,
        1.0
      ]
    },