{
  "model_name": "cnn_baseline_yin",
  "split": "ood:sdturbo",
  "n": 2000,
  "positive_label": "FAKE(AI-generated)=1",
  "threshold": {
    "value": 0.39320963621139526,
    "policy": "best_val_youden"
  },
  "metrics": {
    "accuracy": 0.812,
    "auroc": 0.942886,
    "f1": 0.7767220902612827,
    "precision": 0.956140350877193,
    "recall": 0.654
  },
  "confusion": {
    "tn": 970,
    "fp": 30,
    "fn": 346,
    "tp": 654
  },
  "curves": {
    "roc": {
      "fpr": [
        0.0,
        0.0,
        0.0,
        0.0,
        0.0,
        0.0,
        0.0,
        0.001,
        0.002,
        0.003,
        0.004,
        0.005,
        0.006,
        0.007,
        0.008,
        0.009,
        0.011,
        0.012,
        0.013,
        0.014,
        0.015,
        0.016,
        0.017,
        0.018,
        0.019,
        0.02,
        0.021,
        0.022,
        0.024,
        0.025,
        0.026,
        0.027,
        0.028,
        0.029,
        0.03,
        0.031,
        0.032,
        0.033,
        0.034,
        0.035,
        0.036,
        0.037,
        0.038,
        0.039,
        0.04,
        0.041,
        0.042,
        0.044,
        0.045,
        0.046,
        0.048,
        0.049,
        0.051,
        0.052,
        0.053,
        0.055,
        0.056,
        0.057,
        0.058,
        0.06,
        0.061,
        0.062,
        0.063,
        0.065,
        0.066,
        0.067,
        0.068,
        0.069,
        0.07,
        0.071,
        0.074,
        0.076,
        0.078,
        0.079,
        0.081,
        0.082,
        0.085,
        0.086,
        0.087,
        0.089,
        0.091,
        0.092,
        0.094,
        0.099,
        0.101,
        0.103,
        0.104,
        0.105,
        0.106,
        0.108,
        0.109,
        0.11,
        0.111,
        0.113,
        0.115,
        0.118,
        0.122,
        0.123,
        0.124,
        0.126,
        0.128,
        0.129,
        0.13,
        0.132,
        0.134,
        0.138,
        0.139,
        0.143,
        0.145,
        0.147,
        0.149,
        0.15,
        0.151,
        0.153,
        0.154,
        0.156,
        0.157,
        0.158,
        0.161,
        0.165,
        0.166,
        0.168,
        0.173,
        0.174,
        0.175,
        0.176,
        0.178,
        0.181,
        0.183,
        0.185,
        0.188,
        0.189,
        0.191,
        0.192,
        0.193,
        0.195,
        0.197,
        0.199,
        0.203,
        0.206,
        0.212,
        0.215,
        0.222,
        0.223,
        0.225,
        0.231,
        0.241,
        0.242,
        0.243,
        0.245,
        0.264,
        0.267,
        0.268,
        0.272,
        0.274,
        0.277,
        0.287,
        0.289,
        0.292,
        0.295,
        0.296,
        0.3,
        0.306,
        0.31,
        0.322,
        0.325,
        0.336,
        0.339,
        0.34,
        0.346,
        0.354,
        0.359,
        0.366,
        0.37,
        0.374,
        0.376,
        0.379,
        0.385,
        0.399,
        0.404,
        0.416,
        0.423,
        0.443,
        0.482,
        0.503,
        0.545,
        0.547,
        0.548,
        0.558,
        0.573,
        0.579,
        0.615,
        0.631,
        0.673,
        0.688,
        0.737,
        0.742,
        0.756,
        0.779,
        1.0
      ],
      "tpr": [
        0.0,
        0.005,
        0.014,
        0.02,
        0.023,
        0.035,
        0.048,
        0.333,
        0.403,
        0.417,
        0.42,
        0.478,
        0.488,
        0.516,
        0.542,
        0.543,
        0.548,
        0.554,
        0.555,
        0.556,
        0.567,
        0.589,
        0.598,
        0.602,
        0.604,
        0.61,
        0.622,
        0.623,
        0.633,
        0.635,
        0.64,
        0.643,
        0.647,
        0.654,
        0.656,
        0.659,
        0.66,
        0.665,
        0.669,
        0.67,
        0.674,
        0.675,
        0.681,
        0.682,
        0.684,
        0.694,
        0.696,
        0.699,
        0.701,
        0.706,
        0.714,
        0.715,
        0.718,
        0.721,
        0.729,
        0.731,
        0.733,
        0.738,
        0.742,
        0.743,
        0.744,
        0.748,
        0.754,
        0.756,
        0.762,
        0.764,
        0.768,
        0.769,
        0.771,
        0.773,
        0.777,
        0.784,
        0.786,
        0.787,
        0.79,
        0.796,
        0.797,
        0.8,
        0.802,
        0.804,
        0.805,
        0.81,
        0.818,
        0.822,
        0.83,
        0.832,
        0.837,
        0.84,
        0.841,
        0.842,
        0.843,
        0.845,
        0.849,
        0.85,
        0.851,
        0.853,
        0.854,
        0.856,
        0.857,
        0.858,
        0.86,
        0.863,
        0.865,
        0.866,
        0.867,
        0.868,
        0.87,
        0.872,
        0.873,
        0.874,
        0.875,
        0.878,
        0.879,
        0.881,
        0.882,
        0.888,
        0.889,
        0.891,
        0.892,
        0.894,
        0.895,
        0.897,
        0.898,
        0.899,
        0.901,
        0.903,
        0.904,
        0.905,
        0.907,
        0.908,
        0.909,
        0.91,
        0.911,
        0.912,
        0.914,
        0.915,
        0.916,
        0.918,
        0.921,
        0.923,
        0.925,
        0.926,
        0.927,
        0.929,
        0.93,
        0.931,
        0.932,
        0.934,
        0.936,
        0.939,
        0.941,
        0.942,
        0.943,
        0.944,
        0.945,
        0.946,
        0.947,
        0.948,
        0.949,
        0.95,
        0.951,
        0.953,
        0.955,
        0.956,
        0.957,
        0.958,
        0.959,
        0.96,
        0.961,
        0.962,
        0.963,
        0.965,
        0.967,
        0.968,
        0.969,
        0.974,
        0.975,
        0.976,
        0.977,
        0.978,
        0.979,
        0.98,
        0.981,
        0.983,
        0.984,
        0.985,
        0.986,
        0.987,
        0.988,
        0.989,
        0.99,
        0.991,
        0.992,
        0.993,
        0.994,
        0.995,
        0.996,
        0.997,
        0.999,
        1.0
      ]
    },