{
  "model_name": "resnet18_nathan",
  "split": "ood:sdturbo",
  "n": 2000,
  "positive_label": "FAKE(AI-generated)=1",
  "threshold": {
    "value": 0.527535617351532,
    "policy": "best_val_youden"
  },
  "metrics": {
    "accuracy": 0.791,
    "auroc": 0.9341189999999999,
    "f1": 0.7441860465116279,
    "precision": 0.9589905362776026,
    "recall": 0.608
  },
  "confusion": {
    "tn": 974,
    "fp": 26,
    "fn": 392,
    "tp": 608
  },
  "curves": {
    "roc": {
      "fpr": [
        0.0,
        0.0,
        0.0,
        0.0,
        0.0,
        0.0,
        0.0,
        0.0,
        0.0,
        0.0,
        0.0,
        0.0,
        0.0,
        0.0,
        0.0,
        0.0,
        0.0,
        0.001,
        0.003,
        0.004,
        0.005,
        0.006,
        0.007,
        0.009,
        0.01,
        0.011,
        0.013,
        0.014,
        0.015,
        0.016,
        0.017,
        0.018,
        0.019,
        0.021,
        0.022,
        0.026,
        0.027,
        0.028,
        0.029,
        0.03,
        0.031,
        0.034,
        0.035,
        0.038,
        0.04,
        0.041,
        0.043,
        0.044,
        0.047,
        0.048,
        0.05,
        0.051,
        0.053,
        0.054,
        0.055,
        0.06,
        0.061,
        0.062,
        0.063,
        0.065,
        0.066,
        0.069,
        0.07,
        0.072,
        0.074,
        0.075,
        0.076,
        0.077,
        0.078,
        0.081,
        0.083,
        0.084,
        0.085,
        0.087,
        0.088,
        0.089,
        0.091,
        0.095,
        0.099,
        0.1,
        0.103,
        0.105,
        0.107,
        0.108,
        0.109,
        0.11,
        0.111,
        0.114,
        0.117,
        0.118,
        0.119,
        0.122,
        0.124,
        0.125,
        0.126,
        0.127,
        0.13,
        0.132,
        0.134,
        0.136,
        0.137,
        0.138,
        0.143,
        0.145,
        0.148,
        0.149,
        0.15,
        0.151,
        0.153,
        0.156,
        0.157,
        0.158,
        0.167,
        0.17,
        0.171,
        0.172,
        0.173,
        0.176,
        0.177,
        0.178,
        0.182,
        0.188,
        0.196,
        0.197,
        0.199,
        0.2,
        0.201,
        0.202,
        0.204,
        0.206,
        0.208,
        0.21,
        0.211,
        0.217,
        0.219,
        0.225,
        0.226,
        0.227,
        0.23,
        0.239,
        0.24,
        0.241,
        0.242,
        0.247,
        0.248,
        0.249,
        0.251,
        0.257,
        0.266,
        0.267,
        0.268,
        0.271,
        0.276,
        0.279,
        0.28,
        0.282,
        0.292,
        0.293,
        0.319,
        0.321,
        0.324,
        0.327,
        0.331,
        0.334,
        0.341,
        0.359,
        0.373,
        0.379,
        0.385,
        0.392,
        0.402,
        0.417,
        0.422,
        0.432,
        0.444,
        0.448,
        0.458,
        0.462,
        0.464,
        0.497,
        0.499,
        0.5,
        0.525,
        0.527,
        0.563,
        0.564,
        0.628,
        0.687,
        0.697,
        0.712,
        0.714,
        0.738,
        0.749,
        0.762,
        0.766,
        0.788,
        0.79,
        0.833,
        0.872,
        1.0
      ],
      "tpr": [
        0.0,
        0.043,
        0.055,
        0.063,
        0.07,
        0.078,
        0.082,
        0.088,
        0.094,
        0.112,
        0.116,
        0.136,
        0.144,
        0.191,
        0.197,
        0.251,
        0.305,
        0.308,
        0.334,
        0.382,
        0.387,
        0.423,
        0.435,
        0.44,
        0.465,
        0.484,
        0.49,
        0.5,
        0.509,
        0.544,
        0.548,
        0.569,
        0.576,
        0.595,
        0.596,
        0.607,
        0.608,
        0.614,
        0.621,
        0.656,
        0.659,
        0.662,
        0.666,
        0.671,
        0.678,
        0.68,
        0.682,
        0.687,
        0.699,
        0.7,
        0.705,
        0.71,
        0.712,
        0.717,
        0.718,
        0.719,
        0.727,
        0.734,
        0.742,
        0.743,
        0.747,
        0.751,
        0.761,
        0.763,
        0.764,
        0.773,
        0.777,
        0.778,
        0.784,
        0.79,
        0.793,
        0.794,
        0.795,
        0.797,
        0.799,
        0.801,
        0.803,
        0.804,
        0.805,
        0.809,
        0.815,
        0.816,
        0.817,
        0.82,
        0.821,
        0.823,
        0.824,
        0.826,
        0.828,
        0.83,
        0.832,
        0.834,
        0.836,
        0.837,
        0.838,
        0.842,
        0.843,
        0.845,
        0.849,
        0.85,
        0.854,
        0.855,
        0.856,
        0.857,
        0.858,
        0.859,
        0.861,
        0.864,
        0.865,
        0.869,
        0.87,
        0.872,
        0.873,
        0.874,
        0.875,
        0.876,
        0.879,
        0.883,
        0.885,
        0.887,
        0.888,
        0.89,
        0.891,
        0.892,
        0.893,
        0.894,
        0.897,
        0.898,
        0.899,
        0.9,
        0.901,
        0.903,
        0.905,
        0.906,
        0.908,
        0.91,
        0.911,
        0.912,
        0.913,
        0.914,
        0.915,
        0.917,
        0.918,
        0.92,
        0.922,
        0.924,
        0.927,
        0.928,
        0.93,
        0.931,
        0.934,
        0.935,
        0.939,
        0.941,
        0.942,
        0.943,
        0.944,
        0.945,
        0.947,
        0.949,
        0.95,
        0.952,
        0.954,
        0.955,
        0.957,
        0.958,
        0.959,
        0.962,
        0.963,
        0.966,
        0.967,
        0.968,
        0.969,
        0.97,
        0.971,
        0.972,
        0.973,
        0.974,
        0.976,
        0.977,
        0.978,
        0.98,
        0.981,
        0.982,
        0.983,
        0.984,
        0.985,
        0.987,
        0.988,
        0.989,
        0.99,
        0.991,
        0.992,
        0.993,
        0.994,
        0.996,
        0.997,
        0.998,
        0.999,
        1.0
      ]
    },