{
  "model_name": "freq_detector",
  "split": "ood:sdturbo",
  "n": 2000,
  "positive_label": "FAKE(AI-generated)=1",
  "threshold": {
    "value": 0.6538678407669067,
    "policy": "best_val_youden"
  },
  "metrics": {
    "accuracy": 0.73,
    "auroc": 0.815048,
    "f1": 0.6935300794551645,
    "precision": 0.8018372703412073,
    "recall": 0.611
  },
  "confusion": {
    "tn": 849,
    "fp": 151,
    "fn": 389,
    "tp": 611
  },
  "curves": {
    "roc": {
      "fpr": [
        0.0,
        0.001,
        0.003,
        0.004,
        0.006,
        0.008,
        0.01,
        0.012,
        0.013,
        0.015,
        0.02,
        0.022,
        0.024,
        0.027,
        0.029,
        0.031,
        0.034,
        0.035,
        0.037,
        0.039,
        0.041,
        0.043,
        0.044,
        0.046,
        0.048,
        0.05,
        0.052,
        0.053,
        0.055,
        0.058,
        0.06,
        0.063,
        0.064,
        0.067,
        0.069,
        0.071,
        0.072,
        0.075,
        0.079,
        0.081,
        0.084,
        0.085,
        0.087,
        0.09,
        0.093,
        0.095,
        0.097,
        0.099,
        0.102,
        0.104,
        0.108,
        0.11,
        0.112,
        0.12,
        0.122,
        0.127,
        0.129,
        0.131,
        0.133,
        0.135,
        0.138,
        0.144,
        0.148,
        0.15,
        0.154,
        0.155,
        0.158,
        0.16,
        0.162,
        0.166,
        0.168,
        0.17,
        0.177,
        0.183,
        0.185,
        0.186,
        0.188,
        0.19,
        0.197,
        0.201,
        0.203,
        0.207,
        0.211,
        0.214,
        0.217,
        0.223,
        0.225,
        0.229,
        0.231,
        0.234,
        0.239,
        0.241,
        0.245,
        0.249,
        0.252,
        0.254,
        0.256,
        0.26,
        0.267,
        0.271,
        0.277,
        0.281,
        0.284,
        0.287,
        0.289,
        0.295,
        0.301,
        0.304,
        0.305,
        0.308,
        0.312,
        0.319,
        0.322,
        0.33,
        0.334,
        0.343,
        0.345,
        0.347,
        0.348,
        0.361,
        0.373,
        0.376,
        0.382,
        0.385,
        0.387,
        0.389,
        0.393,
        0.397,
        0.398,
        0.4,
        0.405,
        0.408,
        0.411,
        0.415,
        0.422,
        0.425,
        0.431,
        0.432,
        0.435,
        0.45,
        0.454,
        0.472,
        0.473,
        0.478,
        0.482,
        0.485,
        0.495,
        0.496,
        0.5,
        0.505,
        0.52,
        0.529,
        0.534,
        0.541,
        0.549,
        0.551,
        0.553,
        0.562,
        0.567,
        0.572,
        0.578,
        0.581,
        0.59,
        0.595,
        0.602,
        0.608,
        0.612,
        0.616,
        0.62,
        0.628,
        0.643,
        0.645,
        0.651,
        0.656,
        0.676,
        0.695,
        0.709,
        0.72,
        0.726,
        0.735,
        0.738,
        0.763,
        0.766,
        0.783,
        0.788,
        0.795,
        0.806,
        0.82,
        0.844,
        0.851,
        0.855,
        0.869,
        0.888,
        0.902,
        0.928,
        0.933,
        0.939,
        0.943,
        0.98,
        1.0
      ],
      "tpr": [
        0.0,
        0.044,
        0.067,
        0.086,
        0.107,
        0.111,
        0.125,
        0.149,
        0.179,
        0.192,
        0.193,
        0.237,
        0.253,
        0.264,
        0.28,
        0.282,
        0.284,
        0.291,
        0.3,
        0.332,
        0.335,
        0.339,
        0.359,
        0.37,
        0.376,
        0.381,
        0.389,
        0.401,
        0.405,
        0.412,
        0.415,
        0.417,
        0.422,
        0.435,
        0.438,
        0.444,
        0.457,
        0.465,
        0.469,
        0.47,
        0.474,
        0.478,
        0.489,
        0.495,
        0.496,
        0.503,
        0.506,
        0.524,
        0.525,
        0.53,
        0.544,
        0.55,
        0.556,
        0.561,
        0.568,
        0.572,
        0.575,
        0.582,
        0.585,
        0.593,
        0.599,
        0.601,
        0.609,
        0.61,
        0.619,
        0.623,
        0.635,
        0.639,
        0.642,
        0.644,
        0.648,
        0.658,
        0.659,
        0.663,
        0.665,
        0.669,
        0.673,
        0.674,
        0.677,
        0.68,
        0.692,
        0.697,
        0.699,
        0.702,
        0.704,
        0.706,
        0.708,
        0.709,
        0.712,
        0.715,
        0.717,
        0.72,
        0.721,
        0.729,
        0.734,
        0.736,
        0.738,
        0.742,
        0.748,
        0.75,
        0.755,
        0.756,
        0.761,
        0.763,
        0.769,
        0.771,
        0.773,
        0.777,
        0.782,
        0.784,
        0.787,
        0.789,
        0.794,
        0.796,
        0.799,
        0.803,
        0.804,
        0.807,
        0.809,
        0.812,
        0.813,
        0.819,
        0.822,
        0.825,
        0.828,
        0.829,
        0.832,
        0.835,
        0.838,
        0.841,
        0.842,
        0.844,
        0.849,
        0.852,
        0.855,
        0.857,
        0.86,
        0.862,
        0.865,
        0.867,
        0.868,
        0.871,
        0.875,
        0.877,
        0.878,
        0.881,
        0.886,
        0.889,
        0.891,
        0.892,
        0.896,
        0.898,
        0.903,
        0.906,
        0.907,
        0.909,
        0.911,
        0.913,
        0.916,
        0.917,
        0.919,
        0.922,
        0.924,
        0.927,
        0.928,
        0.93,
        0.932,
        0.934,
        0.935,
        0.938,
        0.94,
        0.943,
        0.945,
        0.946,
        0.948,
        0.95,
        0.954,
        0.956,
        0.957,
        0.959,
        0.961,
        0.964,
        0.966,
        0.967,
        0.969,
        0.971,
        0.973,
        0.976,
        0.978,
        0.98,
        0.982,
        0.984,
        0.986,
        0.988,
        0.991,
        0.993,
        0.995,
        0.996,
        0.998,
        1.0
      ]
    },